"Дата","Цена","Откр.","Макс.","Мин.","Объём","Изм. %"
"05.01.2018","69,17","69,00","69,59","68,25","1,02M","0,04"
"04.01.2018","69,14","70,00","70,20","66,20","3,03M","-0,95"
"03.01.2018","69,80","70,87","71,59","69,02","1,92M","-0,89"
"02.01.2018","70,43","67,84","70,50","67,84","1,75M","4,31"
"29.12.2017","67,52","68,50","68,67","67,47","1,50M","-1,21"
"28.12.2017","68,35","69,07","69,98","67,91","946,23K","-0,71"
"27.12.2017","68,84","67,55","69,02","66,61","1,15M","1,18"
"26.12.2017","68,04","68,47","68,79","67,32","971,75K","-1,18"
"22.12.2017","68,85","69,00","69,50","68,49","775,90K","-0,38"
"21.12.2017","69,11","68,50","69,45","68,37","852,16K","0,61"
"20.12.2017","68,69","69,41","69,74","67,90","893,82K","-0,67"
"19.12.2017","69,15","70,38","70,92","68,72","1,41M","-2,10"
"18.12.2017","70,63","69,93","70,78","69,65","1,30M","2,42"
"15.12.2017","68,96","67,87","69,75","67,27","2,92M","1,58"
"14.12.2017","67,89","68,47","68,80","67,43","1,53M","-0,86"
"13.12.2017","68,48","69,20","69,93","68,35","1,85M","-0,62"
"12.12.2017","68,91","70,02","71,19","68,68","2,52M","-1,63"
"11.12.2017","70,05","71,40","71,80","69,15","3,81M","0,04"
"08.12.2017","70,02","68,96","70,27","68,27","3,63M","2,32"
"07.12.2017","68,43","64,00","68,70","63,54","4,91M","8,21"
"06.12.2017","63,24","62,08","65,43","62,05","4,67M","3,32"
"05.12.2017","61,21","57,14","62,03","56,81","5,43M","6,88"
"04.12.2017","57,27","60,40","60,71","56,13","4,21M","-5,02"
"01.12.2017","60,30","61,68","61,90","59,25","1,78M","-2,90"
"30.11.2017","62,10","60,68","62,24","59,30","1,62M","3,47"
"29.11.2017","60,02","62,06","62,43","58,77","1,87M","-3,40"
"28.11.2017","62,13","62,00","62,60","61,50","1,37M","0,78"
"27.11.2017","61,65","60,83","63,10","60,28","2,04M","1,72"
"24.11.2017","60,61","60,83","60,96","60,17","466,78K","0,17"
"22.11.2017","60,51","60,11","60,84","59,54","1,68M","0,45"
"21.11.2017","60,24","61,38","61,49","59,95","1,07M","-1,34"
"20.11.2017","61,06","60,44","61,15","59,67","1,34M","1,46"
"17.11.2017","60,18","60,76","60,80","59,53","1,31M","-0,28"
"16.11.2017","60,35","60,96","61,56","60,20","1,31M","-0,41"
"15.11.2017","60,60","60,75","61,59","60,33","1,36M","-1,11"
"14.11.2017","61,28","61,48","62,22","60,56","1,15M","-0,47"
"13.11.2017","61,57","60,97","62,05","60,86","1,20M","-0,03"
"10.11.2017","61,59","60,30","62,56","60,16","1,95M","1,73"
"09.11.2017","60,54","61,16","61,75","60,16","1,66M","-2,02"
"08.11.2017","61,79","60,75","62,24","60,08","2,29M","1,36"
"07.11.2017","60,96","61,60","62,19","60,62","2,29M","-0,83"
"06.11.2017","61,47","59,72","62,57","59,72","3,87M","2,67"
"03.11.2017","59,87","57,82","60,29","57,53","3,13M","3,46"
"02.11.2017","57,87","57,58","58,53","56,71","2,73M","1,15"
"01.11.2017","57,21","55,36","57,87","54,71","5,26M","4,36"
"31.10.2017","54,82","60,43","61,05","53,09","9,75M","-9,28"
"30.10.2017","60,43","57,33","61,47","56,55","7,77M","4,79"
"27.10.2017","57,67","52,10","58,97","51,71","15,84M","20,35"
"26.10.2017","47,92","47,38","48,08","46,88","2,10M","1,12"
"25.10.2017","47,39","48,92","48,92","46,78","1,96M","-2,51"
"24.10.2017","48,61","49,10","49,69","48,52","1,20M","-0,63"
"23.10.2017","48,92","47,89","49,22","47,86","2,05M","2,49"
"20.10.2017","47,73","47,62","47,81","47,25","1,40M","0,19"
"19.10.2017","47,64","46,51","47,66","46,16","1,27M","1,49"
"18.10.2017","46,94","47,52","48,34","46,86","1,23M","-0,64"
"17.10.2017","47,24","47,21","47,48","46,09","1,50M","-0,15"
"16.10.2017","47,31","47,67","48,08","47,15","976,17K","-0,61"
"13.10.2017","47,60","47,21","48,16","47,05","942,95K","1,04"
"12.10.2017","47,11","46,95","47,60","46,80","951,28K","-0,19"
"11.10.2017","47,20","47,48","47,66","46,76","1,07M","-0,99"
"10.10.2017","47,67","47,17","47,67","46,78","1,11M","1,62"
"09.10.2017","46,91","48,19","48,45","46,73","1,42M","-2,70"
"06.10.2017","48,21","47,85","48,37","47,76","1,11M","0,58"
"05.10.2017","47,93","47,80","48,87","47,75","1,49M","0,59"
"04.10.2017","47,65","46,86","48,14","46,80","1,40M","0,89"
"03.10.2017","47,23","47,00","47,46","46,54","1,34M","0,11"
"02.10.2017","47,18","46,30","47,24","45,27","2,17M","2,83"
"29.09.2017","45,88","46,00","46,62","45,75","1,59M","-0,56"
"28.09.2017","46,14","46,91","47,21","45,26","2,35M","-1,93"
"27.09.2017","47,05","46,31","47,22","45,85","2,84M","1,91"
"26.09.2017","46,17","47,12","47,92","45,63","3,85M","-1,51"
"25.09.2017","46,88","51,21","51,65","46,61","5,59M","-8,81"
"22.09.2017","51,41","49,01","53,00","47,50","8,98M","5,43"
"21.09.2017","48,76","48,86","48,95","46,92","3,04M","-0,18"
"20.09.2017","48,85","48,95","49,25","46,84","4,32M","-0,02"
"19.09.2017","48,86","49,06","49,58","47,82","2,25M","0,66"
"18.09.2017","48,54","50,85","50,95","48,46","2,76M","-3,79"
"15.09.2017","50,45","50,01","51,84","49,38","5,40M","4,17"
"14.09.2017","48,43","46,75","48,63","46,60","1,77M","3,42"
"13.09.2017","46,83","47,45","47,61","46,57","1,11M","-1,37"
"12.09.2017","47,48","47,21","47,84","46,61","1,27M","0,68"
"11.09.2017","47,16","47,22","47,73","47,06","1,06M","0,53"
"08.09.2017","46,91","47,35","48,15","46,52","1,34M","-1,14"
"07.09.2017","47,45","47,57","47,69","47,05","850,05K","0,21"
"06.09.2017","47,35","48,03","48,23","47,35","890,32K","-1,07"
"05.09.2017","47,86","47,68","48,28","47,18","1,20M","0,04"
"01.09.2017","47,84","47,01","48,20","47,01","1,21M","1,87"
"31.08.2017","46,96","48,24","48,25","46,62","1,67M","-2,35"
"30.08.2017","48,09","48,48","48,96","48,06","1,71M","-0,64"
"29.08.2017","48,40","47,31","48,54","46,91","1,56M","0,79"
"28.08.2017","48,02","47,51","48,26","47,21","1,22M","1,27"
"25.08.2017","47,42","47,37","47,73","47,22","816,20K","0,47"
"24.08.2017","47,20","46,61","47,44","46,41","1,29M","1,55"
"23.08.2017","46,48","46,10","46,87","45,89","1,03M","-0,24"
"22.08.2017","46,59","46,28","47,07","46,07","1,70M","1,37"
"21.08.2017","45,96","48,16","48,43","45,76","2,38M","-4,37"
"18.08.2017","48,06","47,80","48,72","47,26","983,26K","0,61"
"17.08.2017","47,77","48,85","49,58","47,69","1,17M","-2,65"
"16.08.2017","49,07","49,82","50,12","48,92","1,84M","-0,04"
"15.08.2017","49,09","48,98","49,65","48,38","1,29M","0,45"
"14.08.2017","48,87","47,55","49,04","47,13","1,56M","2,80"
"11.08.2017","47,54","46,57","47,80","46,53","1,01M","1,69"
"10.08.2017","46,75","47,24","47,38","46,45","1,30M","-1,43"
"09.08.2017","47,43","47,50","47,89","47,03","1,15M","-0,86"
"08.08.2017","47,84","48,66","48,96","47,56","1,51M","-1,50"
"07.08.2017","48,57","48,11","49,00","48,03","1,43M","1,23"
"04.08.2017","47,98","47,36","48,38","47,32","1,41M","1,44"
"03.08.2017","47,30","48,89","48,89","47,07","2,19M","-2,73"
"02.08.2017","48,63","49,10","49,10","47,31","2,79M","-2,05"
"01.08.2017","49,65","49,85","50,21","49,17","2,43M","0,69"
"31.07.2017","49,31","48,91","49,58","47,95","3,83M","0,90"
"28.07.2017","48,87","48,82","49,75","47,44","9,31M","9,06"
"27.07.2017","44,81","46,00","46,25","44,19","4,29M","-1,39"
"26.07.2017","45,44","45,95","45,95","45,37","1,69M","-0,04"
"25.07.2017","45,46","45,61","45,83","45,03","2,09M","1,07"
"24.07.2017","44,98","45,21","45,39","44,61","1,81M","-0,38"
"21.07.2017","45,15","46,03","46,28","45,04","2,19M","-2,42"
"20.07.2017","46,27","45,85","46,64","44,92","3,23M","1,31"
"19.07.2017","45,67","45,04","46,75","45,00","4,85M","3,75"
"18.07.2017","44,02","42,80","44,66","42,54","2,87M","3,04"
"17.07.2017","42,72","43,00","43,00","42,42","2,74M","-0,51"
"14.07.2017","42,94","41,62","43,40","41,60","2,93M","3,40"
"13.07.2017","41,53","41,90","41,90","40,77","2,05M","-0,62"
"12.07.2017","41,79","40,20","41,95","40,18","3,30M","4,97"
"11.07.2017","39,81","39,60","39,85","39,24","1,23M","0,68"
"10.07.2017","39,54","39,37","39,76","39,11","1,07M","0,36"
"07.07.2017","39,40","38,78","39,56","38,71","1,14M","1,89"
"06.07.2017","38,67","38,88","39,39","38,36","1,48M","-0,95"
"05.07.2017","39,04","40,29","40,47","39,02","1,57M","-2,57"
"03.07.2017","40,07","39,92","40,87","39,81","1,05M","0,48"
"30.06.2017","39,88","40,06","40,37","39,72","1,30M","-0,50"
"29.06.2017","40,08","40,37","40,66","39,20","2,02M","-1,01"
"28.06.2017","40,49","40,31","41,17","39,78","2,44M","1,10"
"27.06.2017","40,05","39,88","40,43","39,21","2,23M","-0,30"
"26.06.2017","40,17","39,80","40,94","39,60","2,76M","1,08"
"23.06.2017","39,74","38,36","40,55","37,93","4,80M","3,44"
"22.06.2017","38,42","37,94","39,72","37,22","4,16M","3,20"
"21.06.2017","37,23","35,55","37,52","35,35","2,37M","5,02"
"20.06.2017","35,45","36,30","36,59","35,38","1,60M","-2,48"
"19.06.2017","36,35","36,03","36,42","35,56","1,77M","1,45"
"16.06.2017","35,83","35,73","36,04","35,33","1,97M","0,28"
"15.06.2017","35,73","35,50","36,18","35,35","1,48M","-1,27"
"14.06.2017","36,19","36,45","36,50","35,75","1,70M","-0,74"
"13.06.2017","36,46","36,65","37,01","36,25","2,09M","0,16"
"12.06.2017","36,40","36,27","37,46","36,11","2,20M","-0,68"
"09.06.2017","36,65","37,80","37,97","36,37","2,20M","-3,04"
"08.06.2017","37,80","37,12","37,97","36,85","2,27M","2,33"
"07.06.2017","36,94","37,70","37,85","36,63","2,20M","-1,34"
"06.06.2017","37,44","37,47","37,86","36,97","2,59M","-0,61"
"05.06.2017","37,67","38,15","38,23","37,27","1,62M","-1,72"
"02.06.2017","38,33","38,36","38,78","37,86","1,57M","0,03"
"01.06.2017","38,32","38,61","39,36","38,01","3,67M","-0,49"
"31.05.2017","38,51","39,13","39,45","37,76","2,92M","-2,51"
"30.05.2017","39,50","37,70","39,92","37,40","5,73M","7,22"
"26.05.2017","36,84","37,83","37,93","36,79","3,97M","-2,90"
"25.05.2017","37,94","38,90","39,10","37,67","3,47M","-2,47"
"24.05.2017","38,90","37,00","39,28","36,73","5,20M","6,66"
"23.05.2017","36,47","36,55","37,40","36,34","2,66M","0,11"
"22.05.2017","36,43","36,07","36,67","35,86","2,45M","0,25"
"19.05.2017","36,34","35,19","36,68","35,12","3,22M","3,95"
"18.05.2017","34,96","34,58","35,38","33,27","6,44M","-0,06"
"17.05.2017","34,98","36,06","36,49","34,95","3,24M","-4,89"
"16.05.2017","36,78","37,26","37,30","36,57","1,79M","-1,16"
"15.05.2017","37,21","36,55","37,67","36,34","2,57M","2,28"
"12.05.2017","36,38","36,59","36,60","35,75","2,05M","-0,66"
"11.05.2017","36,62","36,43","37,09","36,07","2,20M","0,14"
"10.05.2017","36,57","35,63","36,86","35,51","3,64M","2,21"
"09.05.2017","35,78","35,17","36,21","34,44","3,10M","1,79"
"08.05.2017","35,15","34,54","35,42","34,18","3,29M","1,77"
"05.05.2017","34,54","34,20","34,93","33,55","4,05M","0,88"
"04.05.2017","34,24","34,90","34,97","33,81","5,84M","0,97"
"03.05.2017","33,91","32,50","36,27","32,15","17,58M","11,84"
"02.05.2017","30,32","29,80","30,71","29,41","5,72M","2,61"
"01.05.2017","29,55","29,99","30,03","29,23","2,90M","0,00"
"28.04.2017","29,55","29,45","30,50","29,24","4,19M","0,37"
"27.04.2017","29,44","29,51","29,96","28,38","5,51M","1,55"
"26.04.2017","28,99","27,52","29,20","27,41","5,85M","5,27"
"25.04.2017","27,54","27,28","28,05","27,08","2,47M","1,70"
"24.04.2017","27,08","27,28","27,44","26,78","2,51M","1,04"
"21.04.2017","26,80","26,71","27,00","26,68","2,03M","0,22"
"20.04.2017","26,74","26,75","27,02","26,41","2,49M","0,75"
"19.04.2017","26,54","27,05","27,27","26,51","2,09M","-1,30"
"18.04.2017","26,89","27,11","27,27","26,71","2,13M","-1,65"
"17.04.2017","27,34","27,42","27,65","27,00","1,81M","-0,29"
"13.04.2017","27,42","27,86","28,06","27,41","2,43M","-1,76"
"12.04.2017","27,91","28,10","28,17","27,66","2,60M","-0,68"
"11.04.2017","28,10","28,00","28,24","27,67","3,00M","0,46"
"10.04.2017","27,97","26,83","28,22","26,81","4,67M","4,33"
"07.04.2017","26,81","26,60","27,05","26,45","3,18M","0,71"
"06.04.2017","26,62","26,04","27,50","25,56","4,49M","0,15"
"05.04.2017","26,58","27,00","27,40","26,55","3,58M","-0,89"
"04.04.2017","26,82","26,29","27,65","26,08","5,85M","1,86"
"03.04.2017","26,33","27,17","27,25","26,21","4,87M","-2,84"
"31.03.2017","27,10","27,50","27,89","27,08","3,72M","-1,35"
"30.03.2017","27,47","27,91","28,09","27,11","3,54M","-2,00"
"29.03.2017","28,03","28,33","28,65","28,01","2,47M","-0,88"
"28.03.2017","28,28","28,05","28,53","28,04","2,42M","0,18"
"27.03.2017","28,23","28,12","28,55","27,75","2,42M","-0,28"
"24.03.2017","28,31","28,65","28,85","28,11","3,33M","-0,94"
"23.03.2017","28,58","28,85","29,25","28,51","2,60M","-1,00"
"22.03.2017","28,87","29,00","29,16","28,05","4,86M","-0,59"
"21.03.2017","29,04","30,07","30,35","29,01","4,86M","-4,28"
"20.03.2017","30,34","32,12","32,12","29,71","8,05M","-4,68"
"17.03.2017","31,83","32,98","33,25","31,81","18,50M","-3,49"
"16.03.2017","32,98","33,18","34,05","32,86","1,97M","-0,06"
"15.03.2017","33,00","32,06","33,15","31,86","2,38M","2,90"
"14.03.2017","32,07","32,54","32,58","31,97","2,50M","-2,34"
"13.03.2017","32,84","32,11","32,86","31,93","2,12M","1,36"
"10.03.2017","32,40","32,52","32,85","32,03","1,40M","-0,25"
"09.03.2017","32,48","32,56","32,77","32,12","1,23M","-0,55"
"08.03.2017","32,66","32,77","33,17","32,51","1,43M","0,09"
"07.03.2017","32,63","33,14","33,49","32,47","1,86M","-2,10"
"06.03.2017","33,33","34,43","34,50","33,04","2,15M","-3,70"
"03.03.2017","34,61","35,63","35,65","34,28","2,21M","-2,56"
"02.03.2017","35,52","35,10","35,88","34,81","2,13M","1,43"
"01.03.2017","35,02","36,54","36,88","34,72","3,71M","-3,23"
"28.02.2017","36,19","36,64","37,69","36,01","3,33M","-4,34"
"27.02.2017","37,83","38,07","38,16","37,01","3,01M","-0,18"
"24.02.2017","37,90","36,43","38,50","36,36","5,72M","1,91"
"23.02.2017","37,19","33,69","37,84","33,69","11,86M","10,78"
"22.02.2017","33,57","35,51","36,15","33,49","10,95M","-8,33"
"21.02.2017","36,62","35,39","36,86","35,14","5,23M","5,11"
"17.02.2017","34,84","34,05","34,90","33,50","2,40M","2,14"
"16.02.2017","34,11","34,20","35,47","33,75","2,90M","-1,79"
"15.02.2017","34,73","34,04","34,82","33,73","2,31M","2,39"
"14.02.2017","33,92","33,25","33,96","32,79","1,61M","1,77"
"13.02.2017","33,33","33,15","33,76","32,89","1,50M","1,46"
"10.02.2017","32,85","32,22","33,38","31,99","2,08M","1,92"
"09.02.2017","32,23","31,71","32,60","31,65","1,30M","2,16"
"08.02.2017","31,55","31,64","31,70","31,11","939,57K","-0,75"
"07.02.2017","31,79","32,14","32,21","31,57","1,06M","-1,06"
"06.02.2017","32,13","32,41","32,41","31,79","1,00M","-0,06"
"03.02.2017","32,15","31,75","32,28","31,67","1,29M","1,77"
"02.02.2017","31,59","31,72","32,17","31,42","1,76M","-0,63"
"01.02.2017","31,79","31,40","31,90","30,80","1,80M","1,92"
"31.01.2017","31,19","30,83","31,20","30,34","1,66M","0,55"
"30.01.2017","31,02","31,32","31,35","30,61","2,15M","-1,46"
"27.01.2017","31,48","32,59","32,78","31,38","2,38M","-2,48"
"26.01.2017","32,28","32,83","33,14","32,11","1,87M","-1,88"
"25.01.2017","32,90","32,69","33,18","32,59","1,53M","1,14"
"24.01.2017","32,53","33,88","33,88","32,47","2,78M","-3,36"
"23.01.2017","33,66","34,75","34,79","33,12","1,93M","-3,14"
"20.01.2017","34,75","34,64","35,24","34,51","1,26M","0,96"
"19.01.2017","34,42","34,50","35,13","34,16","1,46M","0,03"
"18.01.2017","34,41","35,22","35,33","34,10","1,46M","-2,16"
"17.01.2017","35,17","35,69","36,09","34,99","1,93M","-1,62"
"13.01.2017","35,75","34,91","36,41","34,73","2,00M","2,52"
"12.01.2017","34,87","35,05","35,11","34,25","1,30M","-0,37"
"11.01.2017","35,00","33,34","35,25","33,21","3,16M","4,82"
"10.01.2017","33,39","33,59","33,78","33,01","1,20M","-0,54"
"09.01.2017","33,57","33,38","33,70","33,02","1,22M","0,75"
"06.01.2017","33,32","34,07","34,08","33,30","1,28M","-1,65"
"05.01.2017","33,88","33,87","34,16","33,50","1,95M","-0,85"
"04.01.2017","34,17","33,69","34,51","33,60","2,48M","1,88"
"03.01.2017","33,54","32,61","33,66","32,10","2,67M","4,52"
"30.12.2016","32,09","32,60","32,79","31,94","2,08M","-1,47"
"29.12.2016","32,57","32,85","33,21","32,41","1,69M","-0,70"
"28.12.2016","32,80","34,10","34,23","32,71","1,74M","-3,50"
"27.12.2016","33,99","32,75","34,22","32,73","1,97M","4,20"
"23.12.2016","32,62","32,62","32,98","32,25","1,06M","-0,18"
"22.12.2016","32,68","33,05","33,10","32,08","2,13M","-1,57"
"21.12.2016","33,20","34,50","34,65","33,18","2,09M","-3,68"
"20.12.2016","34,47","35,07","35,52","34,17","2,05M","-1,46"
"19.12.2016","34,98","35,00","35,41","34,56","2,50M","-0,37"
"16.12.2016","35,11","32,77","35,11","32,61","5,52M","7,67"
"15.12.2016","32,61","32,64","33,06","32,07","1,30M","0,22"
"14.12.2016","32,54","33,63","33,69","32,47","2,15M","-3,21"
"13.12.2016","33,62","33,87","33,99","33,03","1,86M","-0,24"
"12.12.2016","33,70","33,59","34,28","33,39","1,92M","0,48"
"09.12.2016","33,54","33,31","33,83","33,07","2,05M","1,12"
"08.12.2016","33,17","33,74","33,78","32,78","2,28M","-1,25"
"07.12.2016","33,59","32,17","33,87","31,85","3,45M","4,80"
"06.12.2016","32,05","32,46","32,50","31,31","2,95M","-0,93"
"05.12.2016","32,35","30,18","32,52","30,18","4,77M","7,30"
"02.12.2016","30,15","30,22","30,70","29,99","2,31M","0,03"
"01.12.2016","30,14","30,47","30,80","29,65","2,36M","-0,59"
"30.11.2016","30,32","30,33","30,75","29,81","2,90M","1,24"
"29.11.2016","29,95","31,10","31,39","29,77","4,01M","-3,73"
"28.11.2016","31,11","30,71","31,47","30,57","2,81M","1,67"
"25.11.2016","30,60","29,80","31,06","29,79","2,35M","2,75"
"23.11.2016","29,78","29,45","29,82","28,84","2,47M","0,40"
"22.11.2016","29,66","29,47","30,00","29,29","3,96M","0,95"
"21.11.2016","29,38","29,41","29,67","28,88","4,46M","0,58"
"18.11.2016","29,21","30,54","30,95","29,05","7,52M","-6,26"
"17.11.2016","31,16","29,05","32,49","28,60","12,62M","-5,06"
"16.11.2016","32,82","33,03","33,12","32,28","3,91M","-1,11"
"15.11.2016","33,19","33,16","33,49","32,56","3,81M","0,33"
"14.11.2016","33,08","32,38","33,44","32,19","3,60M","3,18"
"11.11.2016","32,06","31,57","32,21","31,35","3,49M","0,34"
"10.11.2016","31,95","32,42","32,74","31,03","4,97M","-0,47"
"09.11.2016","32,10","30,91","32,76","30,85","7,96M","-4,15"
"08.11.2016","33,49","33,73","33,85","32,86","3,34M","-0,80"
"07.11.2016","33,76","33,63","34,10","33,32","4,63M","3,94"
"04.11.2016","32,48","34,38","34,40","32,41","7,94M","-5,88"
"03.11.2016","34,51","38,50","38,60","32,90","19,08M","-14,96"
"02.11.2016","40,58","40,80","41,23","40,32","3,74M","-1,14"
"01.11.2016","41,05","40,57","41,25","40,28","2,80M","1,38"
"31.10.2016","40,49","40,70","41,14","40,38","1,70M","-0,39"
"28.10.2016","40,65","41,09","41,33","40,17","2,28M","-1,00"
"27.10.2016","41,06","41,52","41,70","40,79","1,61M","-0,12"
"26.10.2016","41,11","40,50","41,54","40,40","1,53M","1,06"
"25.10.2016","40,68","40,99","41,28","40,35","2,53M","-0,46"
"24.10.2016","40,87","42,43","42,90","40,75","2,52M","-3,27"
"21.10.2016","42,25","41,92","42,32","41,33","2,66M","0,40"
"20.10.2016","42,08","41,51","42,18","41,17","2,79M","0,38"
"19.10.2016","41,92","39,66","42,50","39,55","4,86M","5,94"
"18.10.2016","39,57","39,67","39,97","39,18","1,90M","0,69"
"17.10.2016","39,30","39,50","39,73","38,62","1,97M","-0,43"
"14.10.2016","39,47","39,01","39,95","39,01","1,97M","2,04"
"13.10.2016","38,68","37,75","39,09","37,49","1,79M","1,15"
"12.10.2016","38,24","38,12","38,32","37,47","1,35M","-0,10"
"11.10.2016","38,28","38,56","38,99","38,01","1,45M","-0,78"
"10.10.2016","38,58","37,80","38,67","37,69","2,01M","2,66"
"07.10.2016","37,58","38,82","39,10","37,23","4,53M","-5,46"
"06.10.2016","39,75","39,94","40,05","39,06","2,08M","0,03"
"05.10.2016","39,74","38,52","39,88","38,45","2,67M","4,00"
"04.10.2016","38,21","38,63","38,75","37,87","2,38M","-0,93"
"03.10.2016","38,57","39,65","39,65","38,38","2,39M","-2,33"
"30.09.2016","39,49","39,22","39,85","39,03","2,82M","1,05"
"29.09.2016","39,08","39,06","40,33","38,90","3,49M","0,00"
"28.09.2016","39,08","39,01","39,67","38,24","3,29M","-0,03"
"27.09.2016","39,09","37,38","39,11","37,30","4,31M","4,94"
"26.09.2016","37,25","36,87","37,43","36,35","3,20M","0,51"
"23.09.2016","37,06","35,37","37,45","35,36","4,41M","4,63"
"22.09.2016","35,42","34,36","35,88","34,08","4,03M","4,08"
"21.09.2016","34,03","34,10","34,57","33,86","2,54M","0,09"
"20.09.2016","34,00","34,65","34,65","33,74","2,84M","-1,22"
"19.09.2016","34,42","35,00","35,20","34,40","2,55M","-1,15"
"16.09.2016","34,82","35,15","35,45","34,37","3,23M","-1,50"
"15.09.2016","35,35","35,00","35,40","34,50","4,55M","0,91"
"14.09.2016","35,03","36,31","36,45","34,50","5,07M","-3,82"
"13.09.2016","36,42","37,07","37,20","36,17","2,66M","-2,70"
"12.09.2016","37,43","36,90","37,50","36,37","2,47M","0,81"
"09.09.2016","37,13","38,24","38,44","37,13","2,73M","-3,48"
"08.09.2016","38,47","37,78","38,58","37,51","2,95M","-0,05"
"07.09.2016","38,49","39,00","39,10","38,00","2,20M","-1,26"
"06.09.2016","38,98","38,47","39,31","38,12","3,33M","2,10"
"02.09.2016","38,18","38,49","39,09","38,11","2,50M","-0,68"
"01.09.2016","38,44","37,82","38,47","37,67","2,41M","1,64"
"31.08.2016","37,82","37,76","37,89","37,28","2,70M","-1,12"
"30.08.2016","38,25","37,50","38,28","37,50","2,31M","1,76"
"29.08.2016","37,59","37,69","38,04","37,50","2,20M","0,16"
"26.08.2016","37,53","37,32","38,14","37,25","2,97M","1,32"
"25.08.2016","37,04","37,15","37,28","36,80","2,58M","-0,75"
"24.08.2016","37,32","37,33","37,84","37,15","2,47M","-0,35"
"23.08.2016","37,45","37,74","38,00","37,38","1,70M","-0,61"
"22.08.2016","37,68","37,80","37,87","37,13","2,39M","-0,32"
"19.08.2016","37,80","37,55","38,20","37,22","2,94M","0,75"
"18.08.2016","37,52","37,71","38,28","37,25","3,77M","1,71"
"17.08.2016","36,89","37,58","37,65","36,75","3,77M","-2,25"
"16.08.2016","37,74","38,29","38,33","37,37","3,19M","-1,54"
"15.08.2016","38,33","38,88","38,95","38,31","2,73M","-1,19"
"12.08.2016","38,79","39,07","39,12","38,23","3,25M","-0,56"
"11.08.2016","39,01","39,59","39,70","38,73","3,95M","0,91"
"10.08.2016","38,66","40,31","40,50","36,83","14,02M","-7,20"
"09.08.2016","41,66","43,77","43,81","41,62","5,36M","-4,91"
"08.08.2016","43,81","44,30","44,86","43,63","2,67M","-0,68"
"05.08.2016","44,11","44,14","44,33","43,27","4,50M","0,89"
"04.08.2016","43,72","49,48","49,50","42,77","18,98M","-11,21"
"03.08.2016","49,24","47,53","49,28","47,52","4,43M","3,10"
"02.08.2016","47,76","47,25","47,77","46,81","2,99M","0,80"
"01.08.2016","47,38","46,91","47,58","46,75","2,41M","1,50"
"29.07.2016","46,68","47,25","47,44","46,52","1,68M","-0,95"
"28.07.2016","47,13","48,59","48,90","46,90","1,87M","-2,92"
"27.07.2016","48,55","49,06","49,19","48,26","1,11M","-0,06"
"26.07.2016","48,58","48,14","48,74","48,02","1,21M","1,23"
"25.07.2016","47,99","48,00","48,12","47,40","1,07M","-0,27"
"22.07.2016","48,12","48,43","48,68","47,34","1,68M","-0,43"
"21.07.2016","48,33","48,59","49,25","48,19","1,68M","-0,21"
"20.07.2016","48,43","47,93","48,93","47,80","2,00M","1,45"
"19.07.2016","47,74","47,93","48,07","47,48","1,15M","-0,44"
"18.07.2016","47,95","47,92","48,07","47,35","2,27M","0,46"
"15.07.2016","47,73","47,59","47,81","46,56","2,03M","0,80"
"14.07.2016","47,35","46,67","47,74","46,56","1,85M","2,49"
"13.07.2016","46,20","47,25","47,40","46,14","1,53M","-1,68"
"12.07.2016","46,99","46,86","47,48","46,45","2,05M","1,08"
"11.07.2016","46,49","45,00","46,69","44,92","2,94M","1,95"
"08.07.2016","45,60","44,69","45,76","44,65","3,57M","2,84"
"07.07.2016","44,34","47,50","47,62","44,06","10,45M","-9,75"
"06.07.2016","49,13","47,69","49,18","47,07","3,52M","2,85"
"05.07.2016","47,77","48,21","48,28","47,05","1,90M","-1,48"
"01.07.2016","48,49","48,39","48,77","48,13","1,49M","0,02"
"30.06.2016","48,48","48,26","48,50","47,69","2,43M","0,81"
"29.06.2016","48,09","47,17","48,35","46,98","2,67M","3,71"
"28.06.2016","46,37","44,99","46,45","44,80","1,89M","4,84"
"27.06.2016","44,23","45,18","45,45","43,70","2,60M","-3,89"
"24.06.2016","46,02","46,51","47,49","45,73","2,06M","-5,41"
"23.06.2016","48,65","49,08","49,33","48,19","1,28M","0,06"
"22.06.2016","48,62","49,30","49,33","48,56","1,08M","-0,59"
"21.06.2016","48,91","49,40","49,51","48,00","1,34M","-0,83"
"20.06.2016","49,32","49,40","50,40","49,26","1,74M","1,65"
"17.06.2016","48,52","48,43","49,02","48,23","1,60M","0,27"
"16.06.2016","48,39","47,89","48,53","47,11","1,32M","0,39"
"15.06.2016","48,20","47,96","49,00","47,93","1,36M","0,65"
"14.06.2016","47,89","47,74","48,24","47,22","1,55M","0,21"
"13.06.2016","47,79","48,04","48,39","47,36","1,83M","-1,48"
"10.06.2016","48,51","49,96","50,00","48,20","1,67M","-3,85"
"09.06.2016","50,45","50,74","51,28","50,24","1,44M","-0,94"
"08.06.2016","50,93","50,72","51,30","50,20","1,49M","0,75"
"07.06.2016","50,55","50,45","51,00","49,97","1,39M","0,80"
"06.06.2016","50,15","49,06","50,22","49,06","1,56M","1,83"
"03.06.2016","49,25","49,93","50,17","48,84","1,45M","-1,18"
"02.06.2016","49,84","49,58","50,33","49,40","1,26M","-0,46"
"01.06.2016","50,07","49,78","50,28","48,85","1,57M","0,85"
"31.05.2016","49,65","49,92","50,43","49,31","1,64M","-0,50"
"27.05.2016","49,90","49,63","50,09","49,28","1,06M","0,34"
"26.05.2016","49,73","50,42","50,51","49,28","1,55M","-1,64"
"25.05.2016","50,56","51,01","51,33","49,94","2,03M","0,20"
"24.05.2016","50,46","49,57","50,67","49,36","2,53M","2,90"
"23.05.2016","49,04","48,11","49,77","48,11","2,28M","2,12"
"20.05.2016","48,02","47,37","48,23","47,00","1,97M","1,97"
"19.05.2016","47,09","48,40","48,89","46,67","3,06M","-3,33"
"18.05.2016","48,71","48,17","49,67","48,05","1,77M","0,41"
"17.05.2016","48,51","49,07","49,30","48,33","1,77M","-1,14"
"16.05.2016","49,07","48,85","49,74","48,75","1,61M","1,05"
"13.05.2016","48,56","49,05","49,80","48,49","1,98M","-1,08"
"12.05.2016","49,09","50,95","51,47","49,00","2,46M","-3,25"
"11.05.2016","50,74","51,51","51,97","50,69","1,90M","-1,03"
"10.05.2016","51,27","50,00","51,50","49,91","2,58M","1,32"
"09.05.2016","50,60","51,78","51,79","50,03","1,49M","-2,32"
"06.05.2016","51,80","51,87","52,60","51,37","1,79M","-0,31"
"05.05.2016","51,96","52,25","52,51","51,61","2,10M","0,35"
"04.05.2016","51,78","52,46","52,67","51,32","2,87M","-2,02"
"03.05.2016","52,85","54,54","54,54","52,71","3,04M","-3,65"
"02.05.2016","54,85","56,26","56,32","54,54","2,51M","-1,77"
"29.04.2016","55,84","56,93","57,21","55,19","3,34M","-2,07"
"28.04.2016","57,02","59,05","59,41","56,88","6,93M","-8,08"
"27.04.2016","62,03","61,11","62,14","61,03","2,95M","1,29"
"26.04.2016","61,24","60,60","61,34","60,46","1,37M","1,41"
"25.04.2016","60,39","61,16","61,34","60,18","1,48M","-1,87"
"22.04.2016","61,54","62,23","62,77","61,23","1,48M","-0,65"
"21.04.2016","61,94","61,80","62,69","61,66","1,48M","0,36"
"20.04.2016","61,72","60,41","62,60","60,02","1,90M","1,98"
"19.04.2016","60,52","60,59","61,49","60,17","1,28M","0,27"
"18.04.2016","60,36","59,43","60,69","59,00","1,21M","1,29"
"15.04.2016","59,59","60,33","60,94","59,27","1,69M","-1,37"
"14.04.2016","60,42","61,58","61,62","60,38","1,80M","-2,00"
"13.04.2016","61,65","61,25","63,09","61,04","2,62M","2,17"
"12.04.2016","60,34","59,93","60,85","59,50","1,49M","0,63"
"11.04.2016","59,96","61,00","61,21","59,63","2,36M","-1,11"
"08.04.2016","60,63","61,95","62,14","60,27","2,15M","-1,03"
"07.04.2016","61,26","62,43","62,80","60,76","2,43M","-2,39"
"06.04.2016","62,76","62,92","63,59","61,47","3,19M","0,54"
"05.04.2016","62,42","65,23","65,97","62,30","4,83M","-7,17"
"04.04.2016","67,24","67,36","69,01","67,09","1,58M","-0,36"
"01.04.2016","67,48","67,88","68,47","66,78","1,79M","-1,45"
"31.03.2016","68,47","68,73","69,64","68,40","1,39M","-0,72"
"30.03.2016","68,97","69,88","70,28","68,91","1,27M","-0,48"
"29.03.2016","69,30","68,15","69,72","67,76","1,26M","1,32"
"28.03.2016","68,40","68,55","69,30","67,53","1,34M","-0,09"
"24.03.2016","68,46","67,98","68,84","66,61","1,51M","0,34"
"23.03.2016","68,23","71,25","71,30","68,14","1,93M","-4,29"
"22.03.2016","71,29","70,62","71,57","70,23","1,37M","0,07"
"21.03.2016","71,24","72,21","72,62","71,04","1,60M","-1,66"
"18.03.2016","72,44","73,43","74,29","72,30","2,28M","-1,05"
"17.03.2016","73,21","72,39","73,53","71,70","1,64M","1,60"
"16.03.2016","72,06","70,15","73,19","70,03","2,33M","1,81"
"15.03.2016","70,78","70,25","70,99","69,86","1,28M","-0,16"
"14.03.2016","70,89","70,35","71,18","69,60","1,30M","0,81"
"11.03.2016","70,32","70,00","70,56","68,51","1,86M","1,55"
"10.03.2016","69,25","68,32","69,53","67,81","1,67M","1,11"
"09.03.2016","68,49","67,29","68,75","66,71","1,57M","2,42"
"08.03.2016","66,87","68,45","69,17","66,58","1,73M","-3,34"
"07.03.2016","69,18","69,17","70,49","68,35","1,36M","-0,49"
"04.03.2016","69,52","70,16","71,21","68,71","1,93M","-0,27"
"03.03.2016","69,71","69,58","70,50","68,66","1,71M","0,82"
"02.03.2016","69,14","68,95","70,60","68,53","2,04M","0,17"
"01.03.2016","69,02","71,36","71,41","68,37","3,35M","-3,97"
"29.02.2016","71,87","70,28","73,71","70,02","3,40M","2,15"
"27.02.2016","70,36","70,35","70,36","70,35","3,33M","0,16"
"26.02.2016","70,25","72,25","73,37","69,88","3,54M","-2,77"
"25.02.2016","72,25","69,33","72,52","68,54","5,11M","4,03"
"24.02.2016","69,45","63,96","70,57","63,95","7,96M","12,40"
"23.02.2016","61,79","63,80","64,56","61,27","3,26M","-3,80"
"22.02.2016","64,23","63,56","65,56","63,45","2,37M","2,34"
"19.02.2016","62,76","63,03","63,50","61,44","1,72M","-1,23"
"18.02.2016","63,54","64,29","64,83","62,50","1,80M","0,11"
"17.02.2016","63,47","63,70","64,20","62,17","2,21M","0,67"
"16.02.2016","63,05","61,98","63,31","61,66","1,65M","3,38"
"12.02.2016","60,99","62,30","62,80","58,08","2,94M","-0,60"
"11.02.2016","61,36","63,00","64,07","60,10","3,05M","-4,74"
"10.02.2016","64,41","64,66","65,72","63,79","2,39M","-3,11"
"09.02.2016","66,48","63,03","66,85","62,54","2,39M","3,58"
"08.02.2016","64,18","63,50","65,07","62,96","2,13M","-1,37"
"05.02.2016","65,07","66,71","66,88","64,86","1,66M","-3,17"
"04.02.2016","67,20","66,39","68,49","66,05","1,67M","1,07"
"03.02.2016","66,49","66,94","67,15","64,10","1,76M","0,54"
"02.02.2016","66,13","68,05","68,74","65,61","1,97M","-4,34"
"01.02.2016","69,13","68,10","69,77","66,74","1,96M","0,68"
"29.01.2016","68,66","65,92","68,70","65,80","2,33M","4,22"
"28.01.2016","65,88","66,85","67,43","64,18","2,23M","0,37"
"27.01.2016","65,64","66,93","67,73","65,22","1,89M","-2,61"
"26.01.2016","67,40","64,76","67,60","64,44","1,92M","5,08"
"25.01.2016","64,14","66,56","66,59","63,93","1,87M","-3,46"
"22.01.2016","66,44","65,10","66,94","64,29","3,01M","5,08"
"21.01.2016","63,23","61,29","64,53","60,86","2,42M","3,20"
"20.01.2016","61,27","60,40","62,00","57,20","3,31M","-0,36"
"19.01.2016","61,49","62,21","63,15","60,74","2,24M","0,28"
"15.01.2016","61,32","59,58","61,64","58,80","2,38M","-0,74"
"14.01.2016","61,78","60,80","62,60","57,54","3,85M","0,67"
"13.01.2016","61,37","65,52","66,27","61,08","2,54M","-5,90"
"12.01.2016","65,22","65,98","66,54","63,07","2,31M","-0,31"
"11.01.2016","65,42","65,84","66,72","64,37","1,74M","-0,30"
"08.01.2016","65,62","67,43","67,95","64,73","3,04M","-0,91"
"07.01.2016","66,22","67,64","68,70","65,35","4,09M","-4,75"
"06.01.2016","69,52","71,00","71,45","68,42","2,95M","-3,48"
"05.01.2016","72,03","70,56","72,12","70,11","6,39M","7,96"
"04.01.2016","66,72","64,71","66,76","64,10","2,13M","1,11"
"31.12.2015","65,99","66,51","67,07","65,99","1,52M","-1,49"
"30.12.2015","66,99","66,23","67,16","66,01","1,34M","0,87"
"29.12.2015","66,41","66,70","66,95","65,45","1,05M","0,02"
"28.12.2015","66,40","66,53","66,80","65,11","1,03M","-0,78"
"24.12.2015","66,92","66,26","67,80","66,25","921,20K","1,13"
"23.12.2015","66,17","65,49","66,52","65,35","1,33M","1,82"
"22.12.2015","64,99","65,47","65,63","63,73","1,87M","-1,14"
"21.12.2015","65,74","64,65","66,15","64,50","2,78M","3,67"
"18.12.2015","63,41","63,84","65,34","63,29","3,31M","-1,66"
"17.12.2015","64,48","66,50","66,65","64,03","3,33M","-1,74"
"16.12.2015","65,62","63,52","66,35","63,40","7,21M","9,68"
"15.12.2015","59,83","58,86","60,35","58,12","4,59M","2,43"
"14.12.2015","58,41","55,79","58,48","55,04","3,44M","5,70"
"11.12.2015","55,26","53,95","56,60","53,50","3,21M","1,67"
"10.12.2015","54,35","54,32","55,39","52,51","7,52M","-7,65"
"09.12.2015","58,85","59,46","61,92","58,42","3,19M","-0,37"
"08.12.2015","59,07","58,43","59,25","56,96","2,75M","-0,42"
